итоговый рейтинг (топ 50):
1. elwood smith — 1923 голосов
2. kristle kuphal — 1885 голосов
3. roberto koch — 1874 голосов
4. bao dietrich — 1842 голосов
5. marvin marks — 1840 голосов
6. gearldine bruen — 1839 голосов
7. ward ryan — 1835 голосов
8. mauricio hoppe — 1823 голосов
9. savanna predovic — 1818 голосов
10. matt lakin — 1814 голосов
11. latrina mills — 1802 голосов
12. isaac aufderhar — 1799 голосов
13. caleb kerluke — 1785 голосов
14. desmond bogan — 1776 голосов
15. zulema volkman — 1775 голосов
16. kristine bernier — 1768 голосов
17. waltraud rolfson — 1765 голосов
18. will hilpert — 1753 голосов
19. jean hyatt — 1746 голосов
20. vanna lynch — 1744 голосов
21. connie torphy — 1737 голосов
22. everett padberg — 1736 голосов
23. curt rippin — 1715 голосов
24. noemi goldner — 1711 голосов
25. kyong windler — 1709 голосов
26. millard gleason — 1701 голосов
27. cleveland hagenes — 1697 голосов
28. jane rolfson — 1692 голосов
29. burl langosh — 1688 голосов
30. armando marvin — 1681 голосов
31. rodrick sawayn — 1677 голосов
32. irving adams — 1676 голосов
33. keith mosciski — 1674 голосов
34. carmelita bashirian — 1665 голосов
35. rodney sporer — 1657 голосов
36. sung schaefer — 1652 голосов
37. erik hilpert — 1652 голосов
38. buster cruickshank — 1643 голосов
39. dexter olson — 1642 голосов
40. adam renner — 1641 голосов
41. ester bergstrom — 1640 голосов
42. domenica ruecker — 1633 голосов
43. minh satterfield — 1626 голосов
44. elidia koepp — 1623 голосов
45. johnny ritchie — 1607 голосов
46. forrest nicolas — 1604 голосов
47. magdalena trantow — 1598 голосов
48. brian mcdermott — 1591 голосов
49. kim toy — 1586 голосов
50. ramiro crooks — 1582 голосов

объединённые варианты имён:
zane crist => zane crist, zanebcrist, zan crist, zane czist, zane cridmt, eane crist, zaexe crist, zane crhxst, zane crbst, zne crist, zaneicrist, zane cist
berry schmitt => berry schmitt, berry shmitt, berry sbhmitt, berry schmwltt, fserry schmitt, berry srshmitt, xerry schmitt, berrymdschmitt, berry schmtt, berry chmitt, berr schmitt, berry scmitt, berry schmit, eherry schmitt, berry scqmitt, besry schmitt
troy wisozk => troy wisozk, tqoy wisozk, trgzy wisozk
johnnie nolan => johnnie nolan, johnlie nolan, johnnienolan, jhnnie nolan, johnniekdnolan, johnnie nqllan
connie torphy => connie torphy, connie tyjrphy, conniyq torphy, conniejtorphy, connie torhy, condwie torphy, connie torpny, qlonnie torphy, conie torphy, connie torpgjy, connixq torphy, connie tzrphy, coenie torphy, connie torpby, conne torphy, connnke torphy, conni torphy
mei hoppe => mei hoppe, mei hosspe, hkei hoppe, mei hppe, meis hoppe
vanna lynch => vanna lynch, vannatlynch, vanna lyjmch, vanna lych, vanna lnch, vanna lyxch, vana lynch, vannajalynch, ppanna lynch, vanna lyrcch, vajna lynch
van stanton => van stanton, van stnton, tan stanton, van stantfn, san stanton, van stynnton, vanstanton, vanedstanton, vaw stanton
mari kihn => mari kihn, mri kihn, mari kihxp, mari kcchn, mari ihn, maxgi kihn, marn kihn, marg kihn
devin nikolaus => devin nikolaus, devin niodolaus, devin nykolaus, devin cikolaus, devin nkolaus, devin nikolas, devinwxnikolaus, devip nikolaus, devin dikolaus, devin niklaus, devinqnikolaus
rosena hane => rosena hane, rosena hne, rosena hade, rosena hame, roseoua hane, rosenaulhane, rosens hane, romsena hane, rosera hane
elliot ferry => elliot ferry, elyjiot ferry, ellivt ferry, elliwvt ferry, xlliot ferry, elfdiot ferry, ellio ferry, elliort ferry, elliot fery, elliot ferrm, ellbcot ferry, elliot femjry, ellit ferry, elhgiot ferry, elliotwdferry
minh satterfield => minh satterfield, minh satterfnzeld, minh sattefield, minh sxotterfield, minh sattkrfield, minh sgtterfield, mncnh satterfield, minh satterield, minh satterfienhd, minh satterfinld, minh satterfied, minh stterfield, afinh satterfield
forest hills => forest hills, knorest hills, forest hill, forfst hills, foreht hills, sorest hills, forest ills, orest hills, forest hpnlls, forest hcplls, fores hills, foret hills
jean hyatt => jean hyatt, jeanduhyatt, gtean hyatt, jdfan hyatt, jeal hyatt, jepn hyatt, jean hatt, jeagg hyatt, jean hyahqt, obean hyatt, jenn hyatt, jeavw hyatt, jern hyatt, ean hyatt
zulema volkman => zulema volkman, zulema volkmamc, zulema volkma, zuyhema volkman, zulema vzllkman, zulema vrmlkman, zulema volman, zuleoja volkman, zulemavolkman, kulema volkman, zulema volrzman, zulema volkmmn, zulema vomkman, zuleda volkman, zulema vokman, zulema olkman, zuvuema volkman, zuema volkman, zulema volkmwn, zulemagvolkman
forrest nicolas => forrest nicolas, forrest nicqlas, forrest knicolas, forrest nshcolas, forest nicolas, forrert nicolas, forrestqnicolas, forrest ncolas, forrest nicolbs, orrest nicolas, forrest nicolasy
kim toy => kim toy, kim txgy, kim toy, kivy toy, kim qboy, ki toy, kimjtoy, kim to, kim tmmy, kimtoy, kim woy, kio toy, kim tdiy, kim oy, kim ty, kihs toy
roberto koch => roberto koch, ronyerto koch, roberto yloch, rberto koch, roberto koc, roberto koh, roberto koyih, roberto kockr, robertooakoch, roberto kocr, roberhbo koch, robefto koch, qnoberto koch, roberta koch, roberto uoch, roqterto koch, robero koch, robertxc koch
cleveland hagenes => cleveland hagenes, cleveland hagnes, cleveland hagenoas, clevelad hagenes, clevelaspd hagenes, clevelanb hagenes, clevland hagenes, ceveland hagenes, cleveldpnd hagenes
kelly heathcote => kelly heathcote, kelly hekdthcote, kelly heathconke, kely heathcote, kelly heathcotob, kelly heatcmcote, kelly heatxecote, kelly heolthcote, kelly heahcote, kelly heathcoce
jane rolfson => jane rolfson, janevrolfson, jane rolfsolq, jane folfson, jane rolfsian, jane rolfon, janm rolfson, jane rnslfson, jae rolfson, eane rolfson, jane rtlfson, jne rolfson, jawwe rolfson, jane rofson, jane rlvlfson, jane rjlfson, janmu rolfson, jane rolfsqn
zana morar => zana morar, zaa morar, xlana morar, ana morar, qana morar, zswna morar, zana morrr, zana mrar, zana moar, zkna morar, zana morawc, euana morar, zana mortqr, zana morasy, zanamorar, zana mrwrar, zan morar, zana mrurar, zama morar
matt lakin => matt lakin, matt laki, matt laoin, nratt lakin, matt efakin, dcatt lakin, mhctt lakin, matt laaqin, matt lakif, matt lkin, mattanlakin, matt lakon, mattlakin, matt lkkin, mattqlakin
miles muller => miles muller, milhs muller, mils muller, mile muller, miles mullhr, miles mujaler, miles mulle, mies muller
kyong windler => kyong windler, kisong windler, kyong widler, kyng windler, kyong windsger, fhyong windler, kyong wxxndler, kyong windle, kyong winler, kyarng windler, kyong windlr, kyqng windler, kmong windler, kyon windler, kyong wiwdler
humberto doyle => humberto doyle, humbedto doyle, humbertx doyle, humberlo doyle, humberto doyl, hvrmberto doyle, humbero doyle, humberto dsqyle, humberto dole
armando marvin => armando marvin, armando marvein, armando mavin, armando marvih, arando marvin, armando marin, armado marvin, armandw marvin, armando arvin, armand marvin, armandoapmarvin, armanydo marvin, armanoo marvin, armanwno marvin, armandoumarvin
elwood smith => elwood smith, elwood smth, elwofbd smith, elwood smwth, elwoodksmith, elwood smih, elwood smit, elwood smwlth, elwucod smith, elwod smith, elwood mith, elwood smibh, elwoov smith, elwoo smith, elwoodsmith, yflwood smith, elwoodwsmith
ward ryan => ward ryan, ard ryan, wad ryan, wardlhryan, ward ryawp, ward ryyon, gard ryan, war ryan, wardyryan, ward ryn, woard ryan, waryw ryan, waru ryan, warto ryan, qard ryan, wycrd ryan, ward ryaau, ward yan
alva zemlak => alva zemlak, alva zemak, alva zzmlak, alvazzemlak, alva zevvlak, ava zemlak, alxaa zemlak, alva zdjmlak, alia zemlak, alva zemlakx, alva zezwlak, alva zemfak, alva zemvfak, alva zemlaia
ester bergstrom => ester bergstrom, ester berustrom, ester berzstrom, egwter bergstrom, ester bergstroe, estyrr bergstrom, estuhr bergstrom, ester bergstro, eseer bergstrom, ester bergstrm, esterbergstrom, ester berstrom, xster bergstrom, esfier bergstrom, ester bedjgstrom, eser bergstrom, estea bergstrom, estr bergstrom, ester bergstom, estetm bergstrom, rster bergstrom, estgqr bergstrom
franklyn dubuque => franklyn fyubuque, franklyn dubuque, franklyn tlubuque, franklyn ducuque, ycranklyn dubuque, frawklyn dubuque, franklyn dbuque, franklyn dubupue, franklyn dubnque, franklyn dubvque, franklyn loubuque, franklyn dubuquc, ihranklyn dubuque
latrina mills => latrina mills, latrina jdills, latriner mills, latrina mils, latina mills, latriema mills, latrita mills, latrina mipls, latrin mills, latrxlna mills, aatrina mills, litrina mills, lcrtrina mills, latrina rills, latrina ills, latrina millww, lvptrina mills, latrina milvjs
eladia ortiz => eladia ortiz, eladia oriiz, elacjia ortiz, eladia otrtiz, ladia ortiz, eladiaortiz, eadia ortiz, eldia ortiz, eladia ortpiz
adam renner => adam renner, adam rennr, adnbm renner, cdam renner, adam runner, adam renner, adam renneui, alfam renner, fxdam renner, adam renber
desirae kihn => desirae kihn, desirae kih, dejirae kihn, desirae krxhn, desilae kihn
ellen sporer => ellen sporer, elen sporer, ellen spzrer
mauricio hoppe => mauricio hoppe, maujuicio hoppe, mauricii hoppe, mauricio hopp, marricio hoppe, mauricisp hoppe, maurigio hoppe, mauicio hoppe, mauricioqxhoppe, mauricwo hoppe, mauricio hoppb, mauricio hope, qaauricio hoppe
everett padberg => everett padberg, everettzpadberg, enerett padberg, everet padberg, everettupadberg, eveuhett padberg, tbverett padberg, everrtt padberg, everett fadberg, everettdypadberg, eveett padberg, everett padbrg, everettbfpadberg, everettwupadberg, everett adberg, everett padbzrg, eveuett padberg, everett ptddberg
daron hoeger => daron hoeger, daron oeger, daronbbhoeger, daron hoegcr, daron hoegbcr
rayford goodwin => rayford goodwin, cdayford goodwin, rayfordugoodwin, rayford goodwi, rvayford goodwin, rayfogvd goodwin, rayford goedwin, rayford godwin, rayford goodwyn, rayford goodgin, rayford ghodwin, rayford glodwin
darwin harvey => darwin harvey, darmin harvey, darnin harvey, darwia harvey, ddrwin harvey, dnrwin harvey, darwinharvey, darwin havey, darwin harrey, darwvn harvey, darwin harvy, darwin hmmrvey, darwin huqrvey
spencer mosciski => spencer mosciski, spencer kosciski, pencer mosciski, sdkencer mosciski, spencer mcpsciski
federico heathcote => fderico heathcote, federico heathcote, frderico heathcote, federic heathcote, feerico heathcote, eederico heathcote, federico hathcote, federico heathcote, fqderico heathcote, federico heathcbte, federico heattcote, federico eceathcote, federico heahcote, federvco heathcote, fetuerico heathcote, federico eathcote, federico heatgzcote, federico heathcoe, federico hclathcote, federico xeathcote
erik hilpert => erik hilpert, erik hirjpert, erikhilpert, erip hilpert, erikebhilpert, erik hilert, erik hipert, jrik hilpert, erikjhilpert, erikrnhilpert, erik hilpet, erik hilpeit, eriq hilpert, erik hilycert, erik hilpelat, erik hilpewt, erik hispert, elik hilpert, erik wilpert, erik hilhert
melonie schulist => melonie schulist, melonje schulist, melonie szhulist, melonle schulist, malonie schulist, melonie schuliqtt, meonie schulist, melonie schglist, melonie scpwulist, mepkonie schulist, melzjnie schulist, melonie schulkest, melone schulist, meltsnie schulist, melonie schuist
dexter olson => dexter olson, dexter olsdon, dexte olson, dexter oson, exter olson, dexer olson, dexter olhon, dexter omson, dexffer olson, dexter mulson, uexter olson, dexter olso
cher hegmann => cher hegmann, cher hegwvann, cher hemann
keith mosciski => keith mosciski, keith kosciski, keth mosciski, eith mosciski, keith moscianki, keih mosciski, keith mosiski, keith mosciskm, keithjmosciski, keith mowsciski, keith mfsciski, keithqimosciski, keith mosciuki, keith mojnciski, keith mdsciski, khith mosciski
ozzie kuhlman => ozzie kuhlman, ozzie kuhlmaxb, ozzie guuhlman, ozzie kuhlmarp, ozzirh kuhlman, ohfzie kuhlman, ozlie kuhlman, ozzie kuhlan, ozzie kutolman, ozzie kmnhlman, ozzie kulman, zzie kuhlman, ozxjie kuhlman, ozzie kuhliwan, ozzwie kuhlman, ozzie kuhlmn, ozzie kuhlmav, ozzie kuhbgman, ozvfie kuhlman
erika wilderman => erika wilderman, erikapvwilderman, erikamdwilderman, erka wilderman, erika wilderan, erik wilderman, erikcu wilderman, evsika wilderman, erika wildermsnn, erika wildsrman
carolann kulas => carolann kulas, carolann kuigas, carolann lgulas, carolan kulas, crolann kulas, arolann kulas, carolann kuras, carlann kulas, carolann kulrds, carolacn kulas, caroraann kulas, carolannkulas, carolann kuls, carolahn kulas, carokyann kulas
arlen rohan => arlen rohan, arlen roan, arlen roman, arrden rohan, arlen roaxan, arlen rohap, arlen roha, arlen rohrxn, arlenrohan, artyen rohan, ayblen rohan, arlen rhan, arlen rohn, arlen johan, arten rohan, arle rohan, alen rohan, arlen ropan
jong orn => jong orn, jong ocn, jog orn, jong ogrn, jongdorn, jong on, joccg orn, dong orn, jorug orn, jong frn, jon orn, jonghiorn
arletha kulas => arletha kulas, arlottha kulas, arletha afulas, arletha kulat, arlethasakulas, arletoa kulas, arlstha kulas, ebrletha kulas
cecil skiles => cecil skiles, cecil skiies, cecizn skiles, ceil skiles, cecilzcskiles, cwcil skiles, ecil skiles, cecim skiles, cecil stiles, cecil skile
angelina legros => angelina legros, angelena legros, angelina pegros
simon hermann => simon hermann, simonhhermann, simon hermanbn, simon hermsnn, simn hermann, simorq hermann, simom hermann, simon lmermann, simon hrormann, sxmon hermann, simonhermann, simon hertfann
sun bode => sun bode, sun bodr, sunabode, skn bode, un bode, sun boe, sn bode, sun bodp
roderick runolfsson => roderick runolfsson, rderick runolfsson, roderick runolfssonl, roderick runovfsson, rodeick runolfsson, xoderick runolfsson, roderick runolfson, rvderick runolfsson
fausto white => fausto white, austo white, faqrsto white, fausto wite, fausto whituh, fausto hite
sung schaefer => sung schaefer, sung schaefxir, sung chaefer, sung bchaefer, sung schaefhwr, sug schaefer, sung schioefer, sung mmchaefer, sung sohaefer, yung schaefer, sung schaefedr, sung schaefzmr, sung schefer, sung schaefeu, sung scaefer, sungltschaefer, sbng schaefer, sqng schaefer, sung sawhaefer
georgia sporer => georgia sporer, goworgia sporer, georgia sporec, gergia sporer, geogia sporer, georgia spoer, georgia spore, eeorgia sporer, georgia sporir, jeorgia sporer, georgia sprer, georgia sporeo, georgixm sporer
gearldine bruen => gearldine bruen, gerldine bruen, gearldeane bruen, geardine bruen, geaizldine bruen, gearldine brun, gearldine bren, gearldie bruen, guxarldine bruen, gearldine brfen, diearldine bruen, gearldinp bruen, geahldine bruen, gearldinwk bruen, gearldine brues, gearldineybruen, earldine bruen, garldine bruen, gearluine bruen
elin renner => elin renner, eln renner, elin renne, elzmn renner, elin rennvr, elin rennear, elinokrenner, elin renfer, elinrenner, elin sxenner, eliy renner
erna wiegand => erna wiegand, erna wigand, erna wgqegand, erna wicagand, erna wiegknnd, erna wegand, erna wiegan, erna wiehand, erna wasegand
will hilpert => will hilpert, wll hilpert, will hlpert, wwrll hilpert, will hilper, will hilptyrt, will hilgnert, will krilpert, will hilplrt, will hilpet, willwhilpert, wilie hilpert, will vlilpert, will milpert, wiml hilpert
myrl howell => myrl howell, myrl howel
maragaret jacobson => maragaret jacobson, maragaret jacoson, jaragaret jacobson, maragaret jacobsozw, maragaret jcobson, maragaret kacobson, maragaret jjgcobson, maragaret jaxobson, manmagaret jacobson, maragaret jacobxwon
magdalena schaefer => magdalena schaefer, pagdalena schaefer, magdalena samhaefer, magdalena sxhaefer, magdalena schaefevx
ray mayer => ray mayer, ray myer, ry mayer, seay mayer, ray mayr, rakv mayer, ray mayeoe, raty mayer, ra mayer, ray mayey, rozy mayer
freddie abshire => freddie abshire, freddie absthire, freddiegrabshire, freddieabshire, fveddie abshire, fredie abshire, feddie abshire, freddie absruire, freddie abshirs, freddie abshire, frieddie abshire, frvddie abshire
gaston jerde => gaston jerde, gcston jerde, gaston jerdpr, gastoncojerde, gastoph jerde, gaston jerdmd, gaston jerdh, gaston jirde, gaston jere
roger streich => roger streich, rogerstreich, roger strseich, roger strech, roer streich, roger strziich, rogerc streich, roger steich, rovaer streich
domenica ruecker => domenica ruecker, dwbmenica ruecker, domenica rueckr, domenicn ruecker, domenica duecker, domenica rueckeh, domenica ruecke, domenica juecker, domenica rueckejs, doenica ruecker, domenica rueker, domepica ruecker
irving adams => irving adams, ighving adams, irving kdams, irvmhng adams, irving adas, irvin adams, irving arams, irving adam, iqving adams, irvikng adams, irving adamxn, irvind adams, irvinvo adams, irving adqzms, irving adams, iring adams, irvzvng adams
mayola lind => mayola lind, mayola ind, gayola lind, mayola lin, mayospa lind, mayola lid, mayoaqa lind, mayola pind, mayola lcnd, mayfla lind, mayila lind, mayolalind, mayol lind, mayola qhind, mayolavlind
anderson swift => anderson swift, andersrdn swift, anderson spift, andersuin swift, andersoym swift, andkerson swift, andersqdn swift
curt rippin => curt rippin, curt rippvcn, kzurt rippin, curt rippib, snurt rippin, murt rippin, curttlrippin, curt rppin, cugt rippin, curt rippi, cubt rippin, curt ripin, curt rlxppin
shery terry => shery terry, shery terrns, sherymyterry, shery trry, shery yerry, shery tcrry, shery terr, sery terry, shery tery, shery teavry, shery terxiy, shery terry, shery tezury
garry walsh => garry walsh, garryswalsh, garnjy walsh, garry wolsh, grry walsh, garry welsh, garry walsfl, garrt walsh, garrp walsh, garrpg walsh, xmarry walsh, arry walsh, gary walsh, garry walspx, eyarry walsh, garry wals, garry walblh, garry wvolsh, garrq walsh
malik beahan => malik beahan, malik beapman, malis beahan, malikbeahan, malik bsahan, malik bntahan, malik beahkrn, malik beaheqn, molik beahan, malik behan
lee stark => lee stark, lee ssbark, lee strk, lxme stark, lee latark, lee stafsk, le stark, lee sgjark
laverne roob => laverne roob, lavrne roob, laveaqne roob, lavergye roob, lavere roob, laverne roopk, lavernevrroob, lavenwne roob, laverne rkob
karl stanton => karl stanton, karl spanton, karl stanfjon, karl staneion, karl tanton, karl stanton, karl stantefn, karl stangon
anneliese swift => anneliese swift, annhjliese swift, anneliee swift, anneliese lhwift, anneliesf swift, anneluxese swift, anntliese swift, anneliese snuift, nneliese swift, antxeliese swift, anneliese swif, anneliese swgft, anneliese swihxt, anneliese sdift
bao dietrich => bao dietrich, baoidietrich, bao ietrich, bao dierich, bao diytrich, baa dietrich, ao dietrich, bao dieierich, bao dietrih, bao dietich, baohdietrich, bao dietrch, bao ditrich, baohydietrich, bo dietrich, baodietrich, bao dieyrich, bao vdietrich
kristine bernier => kristine bernier, kristine bernir, kristinevhbernier, knistine bernier, kristin bernier, krisine bernier, kristine bernamer, kriojtine bernier, kristine benier, kristine bernie, kristirre bernier, kristine bbfrnier, uristine bernier, kristine befrnier, kristine bernier, kxistine bernier, kristine bernieur, kribtine bernier, krvystine bernier, kristile bernier, kristine berner, kristine bereier, kristine bevknier, kriswine bernier, kristoqne bernier, kristinebernier
kristle kuphal => kristle kuphal, klvistle kuphal, ejristle kuphal, krstle kuphal, kristl kuphal, uristle kuphal, kristle kuphajb, kritle kuphal, eristle kuphal, kristle muphal, kristce kuphal, kristlehkuphal, kristle kuppyal, kristle uphal, kristlewkuphal, kristle kuhal, kristle zwuphal, kristle kuphzl, kistle kuphal, kristlg kuphal
taisha doyle => taisha doyle, taisha dyle, taish doyle, taisha doiule, tacqsha doyle, taisha dole, tasha doyle, taisha ddtyle, taiha doyle, taisha doyme, taishaxdoyle
caleb kerluke => caleb kerluke, caleb jerluke, caleb krluke, kvaleb kerluke, calebvzkerluke, caeb kerluke, calebkerluke, calb kerluke, caleb kerlnke, cttleb kerluke, calib kerluke, caleb kerfmuke, caleb verluke, cale kerluke, caleb kerlue, caleb kerluse, caleb kerluke, caleb kerluk, caleb woerluke
carmelita bashirian => carmelita bashirian, iarmelita bashirian, crmelita bashirian, carmelitacnbashirian, carmelira bashirian, cujrmelita bashirian, carmelia bashirian, carmelita bashitaian, carmlita bashirian, carmelita brgshirian, carmelita bnshirian, carmelta bashirian, carmelita bshirian, caxmelita bashirian, carmelita bcdshirian
ramiro crooks => ramiro crooks, ramiro cxnooks, ramiro crvoks, rayjiro crooks, ramiro crookg, rambyro crooks, ramirk crooks, ramiro rooks, ramiro crooevs, ramirogocrooks, ragxiro crooks, ramibjo crooks, ramio crooks, ramiro crxoks, ramiro croks
domenica dietrich => domenica dietrich, domenica duketrich, dombnica dietrich, domenica dxietrich, domenica dietricfc, dmenica dietrich, domenicadietrich, domenica detrich, domenica diedtrich, domenica dietrieh, domenica dietrirh, domenica kaietrich, jomenica dietrich, jmomenica dietrich, domenica dietridh, domenica dietrch, domenica diecrich, domqmnica dietrich, domenica dietrih, domenicaldietrich
buster cruickshank => buster cruickshank, buuter cruickshank, buster cruickshanw, busterpscruickshank, buster cuickshank, buster cruickshak, bustercruickshank, buster crunckshank, busterjrcruickshank, bster cruickshank
emma greenholt => emma greenholt, emmhz greenholt, emma greenhol, emxka greenholt, kmma greenholt, emmapgreenholt, emmalgreenholt, emmaqigreenholt, emma grenholt, emma grlenholt, ema greenholt, emma reenholt
noemi goldner => noemi goldner, noem goldner, noei goldner, noemi golpdner, lioemi goldner, noemi goddner, xhoemi goldner, shoemi goldner, noemi golder, noetyi goldner, noemi goldne, noecki goldner, nqemi goldner, ndaemi goldner, noemigoldner, nowlmi goldner, noemi fmoldner, noefi goldner
coral hagenes => coral hagenes, coral hagnes, coral hagens
tessa bode => tessa bode, tessa boae, essa bode, tessasebode, tessa afode, temsa bode, tesa bode, tessa boe, tebsa bode, tessa bobfe, tessa bzhde
tarah toy => tarah toy, tarah ty, tarahfftoy, tarahjtoy, tarah oy, tarah foy, tarahjdtoy, tkcrah toy, taxah toy, taraxd toy, tardch toy
rolland grady => rolland grady, rolland rady, rolvand grady, rollania grady, rcklland grady, rowdland grady, riclland grady, olland grady, rolland grado, rollad grady, rollandybgrady, rolland gray, rolfband grady
isaac aufderhar => isaac aufderhar, isaajs aufderhar, isaac aufderhgr, isaac asfderhar, isaac ausderhar, isaac auferhar, isaac aufdygrhar, isayc aufderhar, isaac aufderhr, isaac anfderhar, iraac aufderhar, isacc aufderhar, isaa aufderhar, bvsaac aufderhar
elidia koepp => elidia koepp, elidia koetp, elidia koppp, elsdia koepp, elida koepp, eliduca koepp, elidia komgpp, elidia kepp, elidia koepp, elidiaklkoepp, eidia koepp, elidia koep, elidkda koepp, elidia koejp, elidia koaopp, elifoia koepp, eliufia koepp, elidia kopp, elidihh koepp, elidia oepp
theressa mcdermott => theressa mcdermott, theressa mdermott, theresa mcdermott, theressa mcdermtt, theressa mcdermot, theresscc mcdermott, theressa mcdemott, theressa mxcdermott, thereska mcdermott, theressa mcdlhrmott, theressa mcdermdtt
reid price => reid price, reid brice, rqid price, rei price, red price, reid nrice, revd price, reid pice, reid prie, reid pric, rid price, reij price
carrie hayes => carrie hayes, carrie hagues, carriexhayes, carie hayes, carrie heyes, carrieuhayes, arrie hayes
desmond bogan => desmond bogan, desond bogan, desmondcbogan, desmond boglhn, desmkgnd bogan, dejmond bogan, desmfmnd bogan, desmozd bogan, desmond bogpn, desmond rogan, desmovd bogan, desmond dpogan, desmomd bogan, desmond ogan, desmond boan, desmnd bogan, desmond boga, desmond bgan, desmondnbbogan, esmond bogan
burl langosh => burl langosh, burl langsh, burl langoh, burl lanpposh, burl sangosh, burl langyish, burl vangosh, bupql langosh, burl langosh, burl angosh, bur langosh, burl langpsh
del haley => del haley, del hfley, demb haley, delahaley, del hfnley, vel haley
keturah harber => keturah harber, keturah darber, keturah harbr, keqvurah harber, keturah harber, keturah harbe, ketuhyah harber, ketuuah harber, eturah harber
millard gleason => millard gleason, millard gleawqon, mollard gleason, millard gbneason, millard fwleason, millard gleasn, millard gleasszn, millard glwason, millard gleacson, millardiygleason, illard gleason, mgfllard gleason, millomrd gleason, millardmqgleason, millard leason, milltord gleason, milard gleason
fred mclaughlin => fred mclaughlin, fred mclaghlin, fred diclaughlin, fred mclughlin, fred mclauyhlin, fred mclaughli, fred mclaughln, fred mxhlaughlin, fredfgmclaughlin, fred claughlin, frbed mclaughlin, fred mlaughlin, frosd mclaughlin, fred mclauglin, fred mclfoughlin, fred mclbughlin, fred mcaughlin, fred mclaughlifo
shirlee conn => shirlee conn, shorlee conn, phirlee conn, shirlee onn, shrlee conn, shirlee aonn, yehirlee conn
shawna labadie => shawna labadie, shawna abadie, shawqa labadie
larissa hamill => larissa hamill, larissahamill, larissa jamill, larissa hamqll, larissa hmill, lprissa hamill, larisdaa hamill, larxssa hamill, lariss hamill, larissa amill
stacey toy => stacey toy, staceytoy, staczby toy, stafbey toy, staceyxtoy, sttjcey toy, stacey toym, stacdy toy, seacey toy, stcey toy
arturo spinka => arturo spinka, arturospinka, artxro spinka, arturo lpinka, artur spinka, yrturo spinka, arturo spinjda, arturo spgcnka, arturo spinfea, arturo spinklk
cassey prohaska => cassey prohaska, cassey proeaska, cassey prohska, cassey vtrohaska, cassey prohajpka, casseyoqprohaska
johnny ritchie => johnny ritchie, johnnyritchie, johnnysritchie, johnny ritahie, johizny ritchie, jhnny ritchie, vrohnny ritchie, johnnygritchie, jxohnny ritchie, johnny ritche, johnny rikcchie
elmo blanda => elmo blanda, lmo blanda, elmo blnda, elmo bqanda, elm blanda, elmo velanda, elmoblanda
angelique kovacek => angelique kovacek, angeique kovacek, angplique kovacek, angelibue kovacek
reatha macgyver => reatha macgyver, reatha macgtbver, reatha mackyver, reatha macyver, reatha maigyver, reatha macgyviar, reatha magyver, reathalmacgyver, reatha mrucgyver, reata macgyver, reaha macgyver, relttha macgyver, reatha macgwver, reatha macgyveoj, reath macgyver, reatha macgyvur, reatha nacgyver, ratha macgyver, reatha macgyker
blake leuschke => blake leuschke, blake leusothke, blake leuscke, blake leuschme, blake leuchke, blak leuschke, blake leschke, blake leuschkxl, btoake leuschke, blae leuschke, bake leuschke, blake leufwchke, blake leuscvke, blake leusojhke
rodney sporer => rodney sporer, rodney sporr, rodqey sporer, rodney sporlr, rodphey sporer, vodney sporer, rodney spore, rodnetz sporer, rodnmry sporer, rodney sprer, rodney sorer, rodney storer, readney sporer, rodneysporer, rodney sporem, rodney spjprer
waltraud rolfson => waltraud rolfson, waltraud rofson, waltraud rlfson, waltraud rvglfson, waltraud rotfson, waltraud rolfuoon, waltraud rolfajon, wltraud rolfson, dlaltraud rolfson, waltraud rolfso, waltraudorolfson, waltraud rolfon, waltrjwud rolfson, waltraud yolfson, waltrud rolfson, waltraua rolfson, waltraud rolfsof, altraud rolfson, waltrad rolfson, waltrauj rolfson, waltrauho rolfson, waltraud rolfsaan, waltraud roljeson, waltraud rolson
art windler => art windler, aro windler, art windlek, art windlr, art indler, arc windler, artxqwindler, art windiver, rt windler
anja jakubowski => anja jakubowski, anju jakubowski, anja jakbowski, anaca jakubowski
marvin marks => marvin marks, marvin mark, marvxtn marks, marvinmarks, mssrvin marks, marvn marks, marvin mars, marin marks, marvin mavks, marvin arks, mrvin marks, marvin karks, marvi marks, marvin maruks, marvinvmarks, bcarvin marks
maurine krajcik => maurine krajcik, maurne krajcik, maurine krajcivg
isobel cruickshank => isobel cruickshank, isoel cruickshank, isobelncruickshank, isobel crybickshank, isobel yruickshank, isobel ruickshank
mark hermiston => mark hermiston, mark hermison, mark hermistgn, mabk hermiston, mark heriston, mark hermistfn, mark hensmiston, mark hermisto
glenn kozey => glenn kozey, glenn kozeq, gueenn kozey, glenn kzey, lenn kozey, genn kozey, glxnn kozey, glenn kozec, glenn kozmby, glenn iozey, glezjn kozey
faustina mccullough => faustina mccullough, faustina mycullough
lester bartell => lester bartell, lester bartel, lesthar bartell, lester baedtell, lesterabartell, lesser bartell
rodrick sawayn => rodrick sawayn, rokyrick sawayn, rtdrick sawayn, rodrrjck sawayn, rodrick sanxayn, rdrick sawayn, rodrtck sawayn, rodrickdsawayn, odrick sawayn, rodricyt sawayn, roqxrick sawayn, rkbdrick sawayn, rodrick sawyn, rodrick saayn, rodrick sawasn, rgdrick sawayn, rodrickmrsawayn
alesha boyle => alesha boyle, aqnesha boyle
wan lubowitz => wan lubowitz, wgvn lubowitz, wan ludowitz, wan ubowitz, wan lubowmtz, wan ntubowitz, wan lubouwitz, wan lubovitz, wan lubowtz, wa lubowitz, wan luowitz, wan luxowitz
rupert schoen => rupert schoen, runert schoen, ruper schoen, rupert schoe
magdalena trantow => magdalena trantow, magdalenwu trantow, magdalna trantow, magdalena tratntow, magdalena trantow, magdalenaytrantow, magdalea trantow, magdalena rantow, magdalena tranqow, magdalena tuantow, gagdalena trantow, magdalena trakftow, magmdalena trantow, magdalena tantow, mapwdalena trantow, mawdalena trantow
judson swaniawski => judson swaniawski, judso swaniawski, judson swaniflwski, judson swaniarpski, judsose swaniawski, judon swaniawski, judslln swaniawski, jydson swaniawski, udson swaniawski, judson swaniwski, judson swaniawki
henry fay => henry fay, henrl fay, hgfnry fay, henry fa, henry fsy, henrywmfay, hery fay, hegry fay, henrydgfay, henry foyy, henr fay
louise davis => louise davis, louise davmvs, louise davi, louise dvis, louisewfdavis, louie davis, louise avis, louise daviwf, louise dihvis, loise davis, louispk davis, ouise davis, louise jhavis
billy haag => billy haag, billyhaag, billy heag, billy hvfag, billy haarv, billy hapyg, billy aag, billy hlag
sidney o'connell => sidney o'connell, sidney z'connell, sidney o'connelw, sidnebx o'connell, sidney o'cnnell, sidney 'connell
sasha waters => sasha waters, sasha watrs, sasha wters, sasha vaters, sasha wacers, swsha waters, sashsv waters, sasha watejts, sasha oaaters, sasha waterz, sashsm waters, sasha wates
ron hand => ron hand, zdon hand, ron iand, rn hand, roniphand, ron gand, ron hnd, ronzbhand
love anderson => love anderson, ove anderson, love anmxerson, loveyaanderson, love andersop, love anderson, love anderso, leve anderson, dove anderson, lve anderson, love nderson, loe anderson, love anderon, love andnbrson
shawn gleichner => shawn gleichner, shawngleichner, shawn gleichnr, shawn gleihner, shawn gleicher, sdiawn gleichner, shan gleichner, hawn gleichner, shawn gleichne, shawn gleichnrr, shawn glzichner
violet adams => violet adams, violrt adams, iolet adams
zackary mann => zackary mann, zackary mupnn, zarnkary mann, zacary mann, zackrry mann, zacqary mann, zackarygumann, zackary buann, zazkary mann, zackarsy mann, zacyary mann, zamkary mann, zackary man, zackaryzhmann, zaqpkary mann
rossie bartell => rossie bartell, roscvie bartell, rossie bartoll, rossiealbartell, ossie bartell, rossie bartelzi, rossie artell, rossiecbartell, rssie bartell, rossie bartll, rossie barell, rossie bartwll, rossie bartell, ronksie bartell
retta wolff => retta wolff, reta wolff, retta wfclff, cetta wolff, retta wolffw, rettauwolff
jamal hodkiewicz => jamal hodkiewicz, jamal odkiewicz, jamal hodkiewijfz
brian mcdermott => brian mcdermott, briaum mcdermott, brian mcdermtt, bria mcdermott, brianfmcdermott, brian mcdermot, briaf mcdermott, brianzumcdermott, brian udcdermott, erian mcdermott, brian mcdermowt, brian mcdermotxz, brian mcdrmott, brian uscdermott
savanna predovic => savanna predovic, savjnna predovic, savannajpredovic, savanna predoigic, savaina predovic, savanna predovij, savana predovic, savannastpredovic, savanna pvredovic, savannko predovic, sqgvanna predovic, savanna preovic, savanna khredovic, savannw predovic, savanna predovsc, savanna predoabic
arnulfo anderson => arnulfo anderson, arnulfo andorson, arnulfo anerson, arnucafo anderson, axnulfo anderson, arnulfo anderon, arnulfo anderdon, arnulo anderson, arnulfo andersop, aunulfo anderson, arnulfo aderson, arnulfo andershln
rueben stark => rueben stark, rueben ftark, rusben stark, rueben sark, gueben stark
ilana schneider => ilana schneider, ilana scneider, ilana schnider, ilana tchneider, itvana schneider, itana schneider
steven kirlin => steven kirlin, steven rkirlin, speven kirlin, stevmn kirlin, stven kirlin, stevenotkirlin, stevendkirlin, stevnmn kirlin, steven kirli, teven kirlin, uteven kirlin, steve kirlin, steven kirlim, steven kbrlin, seven kirlin, steven krlin
jay oberbrunner => jay oberbrunner, jay oerbrunner
erasmo schuster => erasmo schuster, erasmo schuter, erasmo schuser
carrie kreiger => carrie kreiger, carrie krelrger, carrie kreigem, crrie kreiger
dominick friesen => dominick friesen, dominick friese, dominiizk friesen, dominick friesbkn, dominick fridisen, dominick fbiesen, dominck friesen
deshawn lueilwitz => deshawn lueilwitz, deshawn lueclwitz, deshawhd lueilwitz, dshawn lueilwitz, deshawn luelwitz, deshawt lueilwitz, deshawn lueitwitz, deshan lueilwitz
migdalia fritsch => migdalia fritsch, migdalia fritptch, migdalia frtsch, migdlia fritsch, mcngdalia fritsch
julius dickens => julius dickens, ulius dickens, julius dackens
jesus nolan => jesus nolan, jesrks nolan, jesus nolajd, jesus olan, jesu nolan, jesus nolwn
leonel bartoletti => leonel bartoletti, rweonel bartoletti, leonel bartolawtti, lonel bartoletti, deonel bartoletti, leonel bartoltti, leonelpbartoletti, leonel bartolett, leonel bartoletmi, leonel bartoeoetti
irving mayert => irving mayert, irving mzyert, iving mayert, irveng mayert, irvikg mayert, irving magert, irving mayrt, irving mayeyt, ivdving mayert, irving nayert
charles braun => charles braun, charleszebraun, chardtes braun, charles brapbn
rickie roob => rickie roob, rickie rooh, rickie rlob
jonathan waelchi => jonathan waelchi, jonahan waelchi, jonathan wazlchi, jonamphan waelchi, jonathanwaelchi, jonathln waelchi, jonathukn waelchi, joathan waelchi, jonathn waelchi, jonathan waulchi, jonatan waelchi, jonatha waelchi, jonathvn waelchi
cassidy hermiston => cassidy hermiston, cassidy hedmiston, czssidy hermiston
omer carroll => omer carroll, omer cayroll, omer carrolax, omer carrlll, ome carroll, omerjucarroll, omer caroll, omen carroll, omel carroll, omer carrol, mer carroll
sonny grant => sonny grant, sonnydlgrant
johnnie kutch => johnnie kutch, johnie kutch, jhnnie kutch, johnnie kutcu, johnnse kutch
efren towne => efren towne, efren twne, efren yrowne, efren towke, efren towne
taylor rodriguez => taylor rodriguez, talor rodriguez
willy huel => willy huel, willyjmhuel, willy rpuel, witply huel
rutha tremblay => rutha tremblay, rutht tremblay
india steuber => india steuber, andia steuber, india steber
altagracia block => altagracia block, aatagracia block, altagracia lock, altagracia blok, altagracixy block
alec wolf => alec wolf, alecwolf
tamra auer => tamra auer, tamradauer
jess bins => jess bins, jesh bins
cinderella wilderman => cinderella wilderman, ciderella wilderman, cinderelza wilderman, cinderell wilderman
robby jenkins => robby jenkins, robxty jenkins
murray kuvalis => murray kuvalis, murray cruvalis, murray kuvatpis
ellie larson => ellie larson, ellie lareon, ellie rtarson

подозрительный №1 — накрутка с одного ip:
имя: mei hoppe
всего голосов: 544
максимум голосов с одного ip: 544 (ip: 142.250.220.0)

подозрительный №2 — быстрые всплески голосов (окно 3600 секунд):
имя: freddie abshire
всего голосов: 1162
максимум голосов в окне 3600с: 82
число уникальных ip: 1162

время выполнения: 46.491 секунд
